Cidade,Data,Vendas,LojaID,Qtde,Receita,Receita/Vendas,Ano_Venda,mes_venda,dia_venda,diferenca_dias,trimestre_venda
Aracaju,2018-01-01,142.0,1520,1,142.0,1.0,2018,1,1,0 days,1
Aracaju,2018-01-01,14.21,1522,6,85.26,6.0,2018,1,1,0 days,1
Aracaju,2018-01-01,71.55,1520,1,71.55,1.0,2018,1,1,0 days,1
Aracaju,2018-01-01,3.01,1521,7,21.07,7.000000000000001,2018,1,1,0 days,1
Aracaju,2018-01-01,24.51,1522,8,196.08,8.0,2018,1,1,0 days,1
Aracaju,2018-01-01,156.2,1522,1,156.2,1.0,2018,1,1,0 days,1
Aracaju,2018-01-01,35.5,1522,2,71.0,2.0,2018,1,1,0 days,1
Aracaju,2019-01-01,172.22,1522,6,1033.32,6.0,2019,1,1,365 days,1
Aracaju,2019-01-01,12.16,1523,1,12.16,1.0,2019,1,1,365 days,1
Aracaju,2019-01-01,149.36,1523,3,448.08000000000004,3.0,2019,1,1,365 days,1
Aracaju,2019-01-01,42.34,1522,6,254.04000000000002,6.0,2019,1,1,365 days,1
Aracaju,2019-01-01,161.53,1520,4,646.12,4.0,2019,1,1,365 days,1
Aracaju,2019-01-01,9.78,1520,8,78.24,8.0,2019,1,1,365 days,1
Aracaju,2018-01-01,43.45,1522,10,434.5,10.0,2018,1,1,0 days,1
Aracaju,2018-01-01,148.21,1521,3,444.63,3.0,2018,1,1,0 days,1
Aracaju,2018-01-01,153.28,1523,6,919.6800000000001,6.0,2018,1,1,0 days,1
Aracaju,2018-01-01,37.68,1522,10,376.8,10.0,2018,1,1,0 days,1
Aracaju,2018-01-01,162.19,1522,9,1459.71,9.0,2018,1,1,0 days,1
Aracaju,2018-01-01,32.14,1522,6,192.84,6.0,2018,1,1,0 days,1
Aracaju,2018-01-01,43.96,1520,9,395.64,9.0,2018,1,1,0 days,1
Aracaju,2018-01-01,39.86,1522,9,358.74,9.0,2018,1,1,0 days,1
Aracaju,2018-01-01,37.36,1520,2,74.72,2.0,2018,1,1,0 days,1
Aracaju,2018-01-01,150.94,1522,1,150.94,1.0,2018,1,1,0 days,1
Aracaju,2018-01-01,237.5,1523,7,1662.5,7.0,2018,1,1,0 days,1
Aracaju,2018-01-01,151.04,1522,6,906.24,6.0,2018,1,1,0 days,1
Aracaju,2018-01-01,34.66,1521,8,277.28,8.0,2018,1,1,0 days,1
Aracaju,2018-01-01,6.98,1521,10,69.80000000000001,10.000000000000002,2018,1,1,0 days,1
Aracaju,2018-01-01,3.39,1523,4,13.56,4.0,2018,1,1,0 days,1
Aracaju,2018-01-01,114.93,1520,5,574.6500000000001,5.000000000000001,2018,1,1,0 days,1
Aracaju,2018-01-01,44.04,1520,6,264.24,6.0,2018,1,1,0 days,1
Aracaju,2018-01-01,119.21,1520,8,953.68,8.0,2018,1,1,0 days,1
Aracaju,2018-01-01,171.16,1520,9,1540.44,9.0,2018,1,1,0 days,1
Aracaju,2018-01-01,42.97,1522,6,257.82,6.0,2018,1,1,0 days,1
Aracaju,2018-01-01,35.09,1523,4,140.36,4.0,2018,1,1,0 days,1
Aracaju,2018-01-01,38.25,1521,6,229.5,6.0,2018,1,1,0 days,1
Aracaju,2018-01-01,40.6,1520,3,121.80000000000001,3.0,2018,1,1,0 days,1
Aracaju,2018-01-01,37.99,1523,8,303.92,8.0,2018,1,1,0 days,1
Aracaju,2018-01-01,152.74,1522,9,1374.66,9.0,2018,1,1,0 days,1
Aracaju,2018-01-01,142.46,1520,1,142.46,1.0,2018,1,1,0 days,1
Aracaju,2018-01-01,11.11,1522,8,88.88,8.0,2018,1,1,0 days,1
Aracaju,2018-01-01,6.99,1522,7,48.93,7.0,2018,1,1,0 days,1
Aracaju,2018-01-01,229.64,1520,8,1837.12,8.0,2018,1,1,0 days,1
Aracaju,2018-01-01,40.0,1520,8,320.0,8.0,2018,1,1,0 days,1
Aracaju,2018-01-01,19.63,1523,9,176.67,9.0,2018,1,1,0 days,1
Aracaju,2018-01-01,11.42,1520,5,57.1,5.0,2018,1,1,0 days,1
Aracaju,2018-01-01,131.12,1523,5,655.6,5.0,2018,1,1,0 days,1
Aracaju,2018-01-01,41.42,1522,2,82.84,2.0,2018,1,1,0 days,1
Aracaju,2018-01-01,80.46,1520,2,160.92,2.0,2018,1,1,0 days,1
Aracaju,2018-01-01,35.9,1521,8,287.2,8.0,2018,1,1,0 days,1
Aracaju,2018-01-01,53.74,1522,3,161.22,3.0,2018,1,1,0 days,1
Aracaju,2018-01-01,7.52,1522,5,37.599999999999994,4.999999999999999,2018,1,1,0 days,1
Aracaju,2018-01-01,40.58,1522,6,243.48,6.0,2018,1,1,0 days,1
Aracaju,2018-01-01,14.76,1520,3,44.28,3.0,2018,1,1,0 days,1
Aracaju,2018-01-01,8.64,1522,2,17.28,2.0,2018,1,1,0 days,1
Aracaju,2018-01-01,20.85,1523,1,20.85,1.0,2018,1,1,0 days,1
Aracaju,2018-01-01,67.23,1520,8,537.84,8.0,2018,1,1,0 days,1
Aracaju,2018-01-01,41.9,1523,6,251.39999999999998,6.0,2018,1,1,0 days,1
Aracaju,2018-01-01,23.49,1520,7,164.42999999999998,6.999999999999999,2018,1,1,0 days,1
Aracaju,2018-01-01,37.14,1520,7,259.98,7.0,2018,1,1,0 days,1
Aracaju,2018-01-01,15.07,1523,7,105.49000000000001,7.000000000000001,2018,1,1,0 days,1
Aracaju,2018-01-01,215.88,1521,3,647.64,3.0,2018,1,1,0 days,1
Aracaju,2018-01-01,39.8,1520,6,238.79999999999998,6.0,2018,1,1,0 days,1
Aracaju,2018-01-01,28.66,1520,3,85.98,3.0,2018,1,1,0 days,1
Aracaju,2018-01-01,39.87,1522,5,199.35,5.0,2018,1,1,0 days,1
Aracaju,2018-01-01,21.0,1523,5,105.0,5.0,2018,1,1,0 days,1
Aracaju,2018-01-01,145.54,1522,3,436.62,3.0,2018,1,1,0 days,1
Aracaju,2018-01-01,76.59,1523,4,306.36,4.0,2018,1,1,0 days,1
Aracaju,2018-01-01,78.13,1521,4,312.52,4.0,2018,1,1,0 days,1
Aracaju,2018-01-01,179.74,1520,2,359.48,2.0,2018,1,1,0 days,1
Aracaju,2018-01-01,15.81,1523,1,15.81,1.0,2018,1,1,0 days,1
Aracaju,2018-01-01,8.44,1523,9,75.96,9.0,2018,1,1,0 days,1
Aracaju,2018-01-01,228.27,1523,6,1369.6200000000001,6.0,2018,1,1,0 days,1
Aracaju,2018-01-01,168.95,1523,7,1182.6499999999999,7.0,2018,1,1,0 days,1
Aracaju,2018-01-01,159.78,1521,3,479.34000000000003,3.0,2018,1,1,0 days,1
Aracaju,2018-01-01,7.86,1520,2,15.72,2.0,2018,1,1,0 days,1
Aracaju,2018-01-01,160.64,1523,9,1445.7599999999998,9.0,2018,1,1,0 days,1
Aracaju,2018-01-01,33.51,1523,4,134.04,4.0,2018,1,1,0 days,1
Aracaju,2018-01-01,24.1,1522,1,24.1,1.0,2018,1,1,0 days,1
Aracaju,2018-01-01,154.85,1522,9,1393.6499999999999,9.0,2018,1,1,0 days,1
Aracaju,2018-01-01,5.59,1521,4,22.36,4.0,2018,1,1,0 days,1
Aracaju,2018-01-01,121.77,1523,3,365.31,3.0,2018,1,1,0 days,1
Aracaju,2018-01-01,53.41,1520,2,106.82,2.0,2018,1,1,0 days,1
Aracaju,2018-01-01,150.48,1522,4,601.92,4.0,2018,1,1,0 days,1
Aracaju,2018-01-01,14.44,1520,5,72.2,5.0,2018,1,1,0 days,1
Aracaju,2018-01-01,40.98,1520,5,204.89999999999998,5.0,2018,1,1,0 days,1
Aracaju,2018-01-01,15.17,1521,1,15.17,1.0,2018,1,1,0 days,1
Aracaju,2018-01-01,154.92,1521,5,774.5999999999999,5.0,2018,1,1,0 days,1
Aracaju,2018-01-01,116.71,1520,4,466.84,4.0,2018,1,1,0 days,1
Aracaju,2018-01-01,190.67,1521,5,953.3499999999999,5.0,2018,1,1,0 days,1
Aracaju,2018-01-01,10.15,1523,7,71.05,6.999999999999999,2018,1,1,0 days,1
Aracaju,2018-01-01,16.27,1522,1,16.27,1.0,2018,1,1,0 days,1
Aracaju,2018-01-01,200.85,1522,6,1205.1,6.0,2018,1,1,0 days,1
Aracaju,2018-01-01,37.46,1520,7,262.22,7.000000000000001,2018,1,1,0 days,1
Aracaju,2018-01-01,188.7,1523,1,188.7,1.0,2018,1,1,0 days,1
Aracaju,2018-01-01,198.24,1521,9,1784.16,9.0,2018,1,1,0 days,1
Aracaju,2018-01-01,127.43,1522,9,1146.8700000000001,9.0,2018,1,1,0 days,1
Aracaju,2018-01-01,85.92,1521,2,171.84,2.0,2018,1,1,0 days,1
Aracaju,2018-01-01,32.69,1521,5,163.45,5.0,2018,1,1,0 days,1
Aracaju,2018-01-01,138.33,1521,10,1383.3000000000002,10.0,2018,1,1,0 days,1
Aracaju,2018-01-01,139.32,1521,3,417.96,3.0,2018,1,1,0 days,1
Aracaju,2018-01-01,180.57,1520,6,1083.42,6.000000000000001,2018,1,1,0 days,1
Aracaju,2018-01-01,16.62,1520,9,149.58,9.0,2018,1,1,0 days,1
Aracaju,2018-01-01,7.29,1523,1,7.29,1.0,2018,1,1,0 days,1
Aracaju,2018-01-01,12.62,1522,3,37.86,3.0,2018,1,1,0 days,1
Aracaju,2018-01-01,46.96,1522,1,46.96,1.0,2018,1,1,0 days,1
Aracaju,2018-01-01,24.81,1520,5,124.05,5.0,2018,1,1,0 days,1
Aracaju,2018-01-01,16.32,1520,7,114.24000000000001,7.0,2018,1,1,0 days,1
Aracaju,2018-01-01,142.57,1523,3,427.71,3.0,2018,1,1,0 days,1
Aracaju,2018-01-01,31.94,1520,8,255.52,8.0,2018,1,1,0 days,1
Aracaju,2018-01-01,51.64,1523,5,258.2,5.0,2018,1,1,0 days,1
Aracaju,2018-01-01,38.15,1520,4,152.6,4.0,2018,1,1,0 days,1
Aracaju,2018-01-01,24.25,1523,1,24.25,1.0,2018,1,1,0 days,1
Aracaju,2018-01-01,4.52,1522,8,36.16,8.0,2018,1,1,0 days,1
Aracaju,2018-01-01,23.05,1521,9,207.45000000000002,9.0,2018,1,1,0 days,1
Aracaju,2018-01-01,10.17,1520,5,50.85,5.0,2018,1,1,0 days,1
Aracaju,2018-01-01,50.99,1522,10,509.90000000000003,10.0,2018,1,1,0 days,1
Aracaju,2018-01-01,48.44,1522,4,193.76,4.0,2018,1,1,0 days,1
Aracaju,2018-01-01,170.97,1521,4,683.88,4.0,2018,1,1,0 days,1
Aracaju,2018-01-01,3.34,1522,1,3.34,1.0,2018,1,1,0 days,1
Aracaju,2018-01-01,9.32,1523,6,55.92,6.0,2018,1,1,0 days,1
Aracaju,2018-01-01,7.73,1520,10,77.30000000000001,10.000000000000002,2018,1,1,0 days,1
Aracaju,2018-01-01,162.07,1520,3,486.21,3.0,2018,1,1,0 days,1
Aracaju,2018-01-01,38.49,1522,4,153.96,4.0,2018,1,1,0 days,1
Aracaju,2018-01-01,115.19,1523,6,691.14,6.0,2018,1,1,0 days,1
Aracaju,2018-01-01,139.64,1522,5,698.1999999999999,5.0,2018,1,1,0 days,1
Aracaju,2018-01-01,15.62,1522,2,31.24,2.0,2018,1,1,0 days,1
Aracaju,2018-01-01,13.41,1520,7,93.87,7.0,2018,1,1,0 days,1
Aracaju,2018-01-01,33.12,1522,9,298.08,9.0,2018,1,1,0 days,1
Aracaju,2018-01-01,37.49,1521,2,74.98,2.0,2018,1,1,0 days,1
Aracaju,2018-01-01,13.7,1522,6,82.19999999999999,5.999999999999999,2018,1,1,0 days,1
Fortaleza,2019-01-01,45.27,1002,2,90.54,2.0,2019,1,1,365 days,1
Fortaleza,2019-01-01,115.61,1002,3,346.83,3.0,2019,1,1,365 days,1
Fortaleza,2019-02-10,35.33,1004,3,105.99,3.0,2019,2,10,405 days,1
Fortaleza,2019-02-10,20.95,1004,6,125.69999999999999,6.0,2019,2,10,405 days,1
Fortaleza,2019-01-01,14.25,1004,6,85.5,6.0,2019,1,1,365 days,1
Fortaleza,2019-01-01,37.3,1002,5,186.5,5.0,2019,1,1,365 days,1
Fortaleza,2019-01-01,38.4,1003,4,153.6,4.0,2019,1,1,365 days,1
Fortaleza,2019-02-11,35.5,1003,2,71.0,2.0,2019,2,11,406 days,1
Fortaleza,2019-02-11,37.49,1005,1,37.49,1.0,2019,2,11,406 days,1
Fortaleza,2019-01-01,11.17,1002,6,67.02,6.0,2019,1,1,365 days,1
Fortaleza,2019-01-01,179.88,1002,4,719.52,4.0,2019,1,1,365 days,1
Fortaleza,2019-01-01,42.19,1003,3,126.57,3.0,2019,1,1,365 days,1
Fortaleza,2019-01-01,80.73,1004,2,161.46,2.0,2019,1,1,365 days,1
Fortaleza,2019-02-12,118.58,1003,4,474.32,4.0,2019,2,12,407 days,1
Fortaleza,2019-01-12,132.68,1005,1,132.68,1.0,2019,1,12,376 days,1
Fortaleza,2019-01-01,195.05,1002,2,390.1,2.0,2019,1,1,365 days,1
Fortaleza,2019-01-01,97.32,1002,5,486.59999999999997,5.0,2019,1,1,365 days,1
Fortaleza,2019-01-01,166.8,1004,1,166.8,1.0,2019,1,1,365 days,1
Fortaleza,2019-01-01,38.31,1002,3,114.93,3.0,2019,1,1,365 days,1
Fortaleza,2019-01-01,18.86,1002,3,56.58,3.0,2019,1,1,365 days,1
Fortaleza,2019-01-01,39.68,1003,2,79.36,2.0,2019,1,1,365 days,1
Fortaleza,2019-01-01,40.63,1004,3,121.89000000000001,3.0,2019,1,1,365 days,1
Fortaleza,2019-01-01,150.32,1005,1,150.32,1.0,2019,1,1,365 days,1
Fortaleza,2019-01-01,85.9,1004,5,429.5,5.0,2019,1,1,365 days,1
Fortaleza,2019-01-01,35.38,1005,4,141.52,4.0,2019,1,1,365 days,1
Fortaleza,2019-01-01,80.31,1004,4,321.24,4.0,2019,1,1,365 days,1
Fortaleza,2019-01-01,18.93,1005,2,37.86,2.0,2019,1,1,365 days,1
Fortaleza,2019-01-01,212.37,1003,6,1274.22,6.0,2019,1,1,365 days,1
Fortaleza,2019-01-01,34.88,1004,3,104.64000000000001,3.0,2019,1,1,365 days,1
Fortaleza,2019-01-01,186.29,1005,2,372.58,2.0,2019,1,1,365 days,1
Fortaleza,2019-01-01,39.13,1005,6,234.78000000000003,6.0,2019,1,1,365 days,1
Fortaleza,2019-01-01,23.46,1002,4,93.84,4.0,2019,1,1,365 days,1
Fortaleza,2019-01-01,43.33,1004,4,173.32,4.0,2019,1,1,365 days,1
Fortaleza,2019-01-01,19.56,1005,1,19.56,1.0,2019,1,1,365 days,1
Fortaleza,2019-01-01,3.1,1003,5,15.5,5.0,2019,1,1,365 days,1
Fortaleza,2019-01-01,133.97,1005,2,267.94,2.0,2019,1,1,365 days,1
Fortaleza,2019-01-01,36.31,1004,2,72.62,2.0,2019,1,1,365 days,1
Fortaleza,2019-01-01,35.86,1002,6,215.16,6.0,2019,1,1,365 days,1
Fortaleza,2019-01-01,35.09,1004,4,140.36,4.0,2019,1,1,365 days,1
Fortaleza,2019-01-01,176.51,1005,1,176.51,1.0,2019,1,1,365 days,1
Fortaleza,2019-02-13,19.13,1002,4,76.52,4.0,2019,2,13,408 days,1
Fortaleza,2019-02-13,191.29,1002,3,573.87,3.0,2019,2,13,408 days,1
Fortaleza,2019-01-01,38.71,1004,5,193.55,5.0,2019,1,1,365 days,1
Fortaleza,2019-01-01,191.52,1004,1,191.52,1.0,2019,1,1,365 days,1
Fortaleza,2019-01-01,215.11,1003,1,215.11,1.0,2019,1,1,365 days,1
Fortaleza,2019-01-01,39.63,1004,3,118.89000000000001,3.0,2019,1,1,365 days,1
Fortaleza,2019-01-01,6.45,1003,3,19.35,3.0,2019,1,1,365 days,1
Fortaleza,2019-01-01,13.45,1004,5,67.25,5.0,2019,1,1,365 days,1
Fortaleza,2019-01-01,40.71,1002,6,244.26,6.0,2019,1,1,365 days,1
Fortaleza,2019-01-01,183.33,1002,6,1099.98,6.0,2019,1,1,365 days,1
Fortaleza,2019-01-01,33.69,1005,3,101.07,3.0,2019,1,1,365 days,1
Fortaleza,2019-01-01,30.47,1005,3,91.41,3.0,2019,1,1,365 days,1
Fortaleza,2019-01-01,15.22,1003,2,30.44,2.0,2019,1,1,365 days,1
Fortaleza,2019-01-01,11.48,1002,4,45.92,4.0,2019,1,1,365 days,1
Fortaleza,2019-01-01,16.73,1002,5,83.65,5.0,2019,1,1,365 days,1
Fortaleza,2019-01-01,214.73,1002,4,858.92,4.0,2019,1,1,365 days,1
Fortaleza,2019-01-01,18.43,1002,1,18.43,1.0,2019,1,1,365 days,1
Fortaleza,2019-01-01,129.07,1005,3,387.21,3.0,2019,1,1,365 days,1
Fortaleza,2019-01-01,38.9,1004,4,155.6,4.0,2019,1,1,365 days,1
Fortaleza,2019-01-01,6.31,1002,3,18.93,3.0,2019,1,1,365 days,1
Fortaleza,2019-01-01,182.14,1002,4,728.56,4.0,2019,1,1,365 days,1
Fortaleza,2019-01-01,37.41,1002,5,187.04999999999998,5.0,2019,1,1,365 days,1
Fortaleza,2019-01-01,106.21,1005,6,637.26,6.0,2019,1,1,365 days,1
Fortaleza,2019-01-01,118.17,1004,1,118.17,1.0,2019,1,1,365 days,1
Fortaleza,2019-01-01,110.31,1005,4,441.24,4.0,2019,1,1,365 days,1
Fortaleza,2019-01-01,145.2,1005,2,290.4,2.0,2019,1,1,365 days,1
Fortaleza,2019-01-01,35.11,1005,6,210.66,6.0,2019,1,1,365 days,1
Fortaleza,2019-01-01,43.51,1003,1,43.51,1.0,2019,1,1,365 days,1
Fortaleza,2019-01-01,85.09,1005,6,510.54,6.0,2019,1,1,365 days,1
Fortaleza,2019-01-01,216.65,1003,6,1299.9,6.0,2019,1,1,365 days,1
Fortaleza,2019-01-01,79.57,1002,5,397.84999999999997,5.0,2019,1,1,365 days,1
Fortaleza,2019-01-01,41.89,1004,4,167.56,4.0,2019,1,1,365 days,1
Fortaleza,2019-01-01,106.72,1003,4,426.88,4.0,2019,1,1,365 days,1
Fortaleza,2019-01-01,3.1,1003,5,15.5,5.0,2019,1,1,365 days,1
Fortaleza,2019-01-01,163.09,1005,5,815.45,5.0,2019,1,1,365 days,1
Fortaleza,2019-01-01,19.99,1005,4,79.96,4.0,2019,1,1,365 days,1
Fortaleza,2019-01-01,38.61,1004,4,154.44,4.0,2019,1,1,365 days,1
Fortaleza,2019-01-01,167.64,1005,1,167.64,1.0,2019,1,1,365 days,1
Fortaleza,2019-01-01,37.66,1005,2,75.32,2.0,2019,1,1,365 days,1
Fortaleza,2019-01-01,41.25,1005,6,247.5,6.0,2019,1,1,365 days,1
Fortaleza,2019-01-01,47.88,1003,2,95.76,2.0,2019,1,1,365 days,1
Fortaleza,2019-01-01,10.68,1005,1,10.68,1.0,2019,1,1,365 days,1
Fortaleza,2019-01-01,14.03,1004,5,70.14999999999999,5.0,2019,1,1,365 days,1
Fortaleza,2019-01-01,3.88,1002,6,23.28,6.000000000000001,2019,1,1,365 days,1
Fortaleza,2019-01-01,147.46,1003,6,884.76,6.0,2019,1,1,365 days,1
Fortaleza,2019-01-01,149.0,1005,3,447.0,3.0,2019,1,1,365 days,1
Fortaleza,2019-01-01,42.11,1004,3,126.33,3.0,2019,1,1,365 days,1
Fortaleza,2019-01-01,42.04,1002,5,210.2,5.0,2019,1,1,365 days,1
Fortaleza,2019-01-01,68.6,1004,6,411.59999999999997,6.0,2019,1,1,365 days,1
Fortaleza,2019-01-01,7.19,1004,5,35.95,5.0,2019,1,1,365 days,1
Fortaleza,2019-01-01,18.01,1005,2,36.02,2.0,2019,1,1,365 days,1
Fortaleza,2019-01-01,37.49,1002,1,37.49,1.0,2019,1,1,365 days,1
Fortaleza,2019-01-01,3.49,1005,4,13.96,4.0,2019,1,1,365 days,1
Fortaleza,2019-01-01,35.25,1003,5,176.25,5.0,2019,1,1,365 days,1
Fortaleza,2019-01-01,150.49,1003,5,752.45,5.0,2019,1,1,365 days,1
Fortaleza,2019-01-01,35.28,1002,2,70.56,2.0,2019,1,1,365 days,1
Fortaleza,2019-01-01,23.31,1004,4,93.24,4.0,2019,1,1,365 days,1
Fortaleza,2019-01-01,139.7,1003,4,558.8,4.0,2019,1,1,365 days,1
Fortaleza,2019-01-01,15.0,1005,2,30.0,2.0,2019,1,1,365 days,1
Fortaleza,2019-01-01,9.01,1002,3,27.03,3.0,2019,1,1,365 days,1
Fortaleza,2019-01-01,18.58,1003,1,18.58,1.0,2019,1,1,365 days,1
Fortaleza,2019-01-01,11.67,1005,4,46.68,4.0,2019,1,1,365 days,1
Fortaleza,2019-01-01,13.99,1004,3,41.97,3.0,2019,1,1,365 days,1
Fortaleza,2019-01-01,142.57,1002,3,427.71,3.0,2019,1,1,365 days,1
Fortaleza,2019-01-01,40.5,1005,2,81.0,2.0,2019,1,1,365 days,1
Fortaleza,2019-01-01,174.66,1004,1,174.66,1.0,2019,1,1,365 days,1
Fortaleza,2019-01-01,28.42,1002,3,85.26,3.0,2019,1,1,365 days,1
Fortaleza,2019-01-01,21.9,1004,6,131.39999999999998,5.999999999999999,2019,1,1,365 days,1
Fortaleza,2019-03-02,152.89,981,4,611.56,4.0,2019,3,2,425 days,1
Fortaleza,2019-03-02,18.9,982,6,113.39999999999999,6.0,2019,3,2,425 days,1
Fortaleza,2019-03-02,51.98,983,6,311.88,6.0,2019,3,2,425 days,1
Fortaleza,2019-03-02,8.0,981,3,24.0,3.0,2019,3,2,425 days,1
Fortaleza,2019-03-02,133.59,982,1,133.59,1.0,2019,3,2,425 days,1
Fortaleza,2019-03-02,38.63,980,2,77.26,2.0,2019,3,2,425 days,1
Fortaleza,2019-03-02,16.82,983,4,67.28,4.0,2019,3,2,425 days,1
Fortaleza,2019-03-02,12.23,981,3,36.69,2.9999999999999996,2019,3,2,425 days,1
Fortaleza,2019-03-02,79.1,982,2,158.2,2.0,2019,3,2,425 days,1
Fortaleza,2019-03-02,15.42,983,8,123.36,8.0,2019,3,2,425 days,1
Fortaleza,2019-03-02,17.7,981,5,88.5,5.0,2019,3,2,425 days,1
Fortaleza,2019-03-02,152.3,982,7,1066.1000000000001,7.0,2019,3,2,425 days,1
Fortaleza,2019-03-02,184.9,982,4,739.6,4.0,2019,3,2,425 days,1
Fortaleza,2019-03-02,41.55,981,3,124.64999999999999,3.0,2019,3,2,425 days,1
Fortaleza,2019-03-02,235.06,983,3,705.1800000000001,3.0000000000000004,2019,3,2,425 days,1
Fortaleza,2019-03-02,20.22,981,6,121.32,6.0,2019,3,2,425 days,1
Fortaleza,2019-03-02,47.98,983,7,335.85999999999996,6.999999999999999,2019,3,2,425 days,1
Fortaleza,2019-03-02,37.6,983,4,150.4,4.0,2019,3,2,425 days,1
Fortaleza,2019-03-02,41.87,980,8,334.96,8.0,2019,3,2,425 days,1
Fortaleza,2019-03-02,39.56,982,8,316.48,8.0,2019,3,2,425 days,1
Fortaleza,2019-03-02,38.7,982,4,154.8,4.0,2019,3,2,425 days,1
Fortaleza,2019-03-02,35.34,982,7,247.38000000000002,7.0,2019,3,2,425 days,1
Fortaleza,2019-03-02,12.36,983,4,49.44,4.0,2019,3,2,425 days,1
Fortaleza,2019-03-02,139.07,982,6,834.42,6.0,2019,3,2,425 days,1
Fortaleza,2019-03-02,17.49,983,5,87.44999999999999,5.0,2019,3,2,425 days,1
Fortaleza,2019-03-02,14.67,980,7,102.69,7.0,2019,3,2,425 days,1
Fortaleza,2019-03-02,195.18,980,5,975.9000000000001,5.0,2019,3,2,425 days,1
Fortaleza,2019-03-02,10.79,983,5,53.949999999999996,5.0,2019,3,2,425 days,1
Fortaleza,2019-03-02,39.09,982,4,156.36,4.0,2019,3,2,425 days,1
Fortaleza,2019-03-02,51.99,983,3,155.97,3.0,2019,3,2,425 days,1
Fortaleza,2019-03-02,150.38,983,6,902.28,6.0,2019,3,2,425 days,1
Fortaleza,2019-03-02,141.16,980,7,988.12,7.0,2019,3,2,425 days,1
Fortaleza,2019-03-02,166.89,983,5,834.4499999999999,5.0,2019,3,2,425 days,1
Fortaleza,2019-03-02,182.75,983,8,1462.0,8.0,2019,3,2,425 days,1
Natal,2018-08-27,606.0,853,2,1212.0,2.0,2018,8,27,238 days,3
Natal,2018-11-25,563.0,853,2,1126.0,2.0,2018,11,25,328 days,4
Natal,2019-03-11,308.0,852,3,924.0,3.0,2019,3,11,434 days,1
Natal,2019-01-07,271.0,854,3,813.0,3.0,2019,1,7,371 days,1
Natal,2019-03-09,699.0,853,3,2097.0,3.0,2019,3,9,432 days,1
Natal,2019-03-30,674.0,854,2,1348.0,2.0,2019,3,30,453 days,1
Natal,2018-07-02,322.0,852,4,1288.0,4.0,2018,7,2,182 days,3
Natal,2019-03-18,886.0,853,4,3544.0,4.0,2019,3,18,441 days,1
Natal,2019-03-27,667.0,852,4,2668.0,4.0,2019,3,27,450 days,1
Natal,2018-05-02,261.0,852,3,783.0,3.0,2018,5,2,121 days,2
Natal,2018-10-27,828.0,852,4,3312.0,4.0,2018,10,27,299 days,4
Natal,2019-02-09,564.0,853,3,1692.0,3.0,2019,2,9,404 days,1
Natal,2019-02-02,709.0,853,3,2127.0,3.0,2019,2,2,397 days,1
Natal,2018-09-12,458.0,852,4,1832.0,4.0,2018,9,12,254 days,3
Natal,2018-06-03,660.0,853,3,1980.0,3.0,2018,6,3,153 days,2
Natal,2018-02-01,432.0,854,3,1296.0,3.0,2018,2,1,31 days,1
Natal,2018-07-01,298.0,854,3,894.0,3.0,2018,7,1,181 days,3
Natal,2018-02-18,276.0,854,3,828.0,3.0,2018,2,18,48 days,1
Natal,2019-03-14,581.0,853,3,1743.0,3.0,2019,3,14,437 days,1
Natal,2019-03-31,282.0,854,2,564.0,2.0,2019,3,31,454 days,1
Natal,2018-06-08,608.0,852,4,2432.0,4.0,2018,6,8,158 days,2
Natal,2019-02-08,679.0,853,2,1358.0,2.0,2019,2,8,403 days,1
Natal,2018-06-21,621.0,853,3,1863.0,3.0,2018,6,21,171 days,2
Natal,2019-02-14,304.0,854,3,912.0,3.0,2019,2,14,409 days,1
Natal,2018-04-22,868.0,854,3,2604.0,3.0,2018,4,22,111 days,2
Natal,2019-01-13,611.0,852,2,1222.0,2.0,2019,1,13,377 days,1
Natal,2018-07-20,370.0,853,3,1110.0,3.0,2018,7,20,200 days,3
Natal,2018-07-16,390.0,853,3,1170.0,3.0,2018,7,16,196 days,3
Natal,2019-02-13,705.0,853,2,1410.0,2.0,2019,2,13,408 days,1
Natal,2019-03-09,646.0,854,2,1292.0,2.0,2019,3,9,432 days,1
Natal,2018-10-02,856.0,853,4,3424.0,4.0,2018,10,2,274 days,4
Natal,2018-04-03,401.0,854,4,1604.0,4.0,2018,4,3,92 days,2
Natal,2019-03-17,244.0,854,2,488.0,2.0,2019,3,17,440 days,1
Natal,2018-01-11,759.0,854,2,1518.0,2.0,2018,1,11,10 days,1
Natal,2019-01-07,484.0,852,2,968.0,2.0,2019,1,7,371 days,1
Natal,2018-01-18,552.0,852,2,1104.0,2.0,2018,1,18,17 days,1
Natal,2019-02-09,328.0,853,2,656.0,2.0,2019,2,9,404 days,1
Natal,2018-10-03,726.0,852,2,1452.0,2.0,2018,10,3,275 days,4
Natal,2018-02-25,828.0,852,4,3312.0,4.0,2018,2,25,55 days,1
Natal,2019-01-10,504.0,854,3,1512.0,3.0,2019,1,10,374 days,1
Natal,2018-01-10,885.0,853,3,2655.0,3.0,2018,1,10,9 days,1
Natal,2018-05-20,835.0,852,4,3340.0,4.0,2018,5,20,139 days,2
Natal,2019-03-02,775.0,854,2,1550.0,2.0,2019,3,2,425 days,1
Natal,2019-04-01,538.0,853,3,1614.0,3.0,2019,4,1,455 days,2
Natal,2019-01-03,500.0,852,4,2000.0,4.0,2019,1,3,367 days,1
Natal,2019-03-11,431.0,852,3,1293.0,3.0,2019,3,11,434 days,1
Natal,2019-03-26,753.0,853,2,1506.0,2.0,2019,3,26,449 days,1
Natal,2018-03-13,521.0,854,3,1563.0,3.0,2018,3,13,71 days,1
Natal,2018-09-20,676.0,852,4,2704.0,4.0,2018,9,20,262 days,3
Natal,2019-04-01,831.0,852,2,1662.0,2.0,2019,4,1,455 days,2
Natal,2019-03-08,324.0,854,4,1296.0,4.0,2019,3,8,431 days,1
Natal,2018-01-21,859.0,852,4,3436.0,4.0,2018,1,21,20 days,1
Natal,2018-04-27,778.0,854,4,3112.0,4.0,2018,4,27,116 days,2
Natal,2019-02-14,290.0,854,4,1160.0,4.0,2019,2,14,409 days,1
Natal,2018-10-03,373.0,852,4,1492.0,4.0,2018,10,3,275 days,4
Natal,2019-01-08,859.0,854,4,3436.0,4.0,2019,1,8,372 days,1
Natal,2018-03-02,704.0,852,4,2816.0,4.0,2018,3,2,60 days,1
Natal,2019-02-24,425.0,854,4,1700.0,4.0,2019,2,24,419 days,1
Natal,2018-12-23,272.0,853,3,816.0,3.0,2018,12,23,356 days,4
Natal,2018-01-15,369.0,853,2,738.0,2.0,2018,1,15,14 days,1
Natal,2018-05-02,534.0,852,3,1602.0,3.0,2018,5,2,121 days,2
Natal,2018-09-11,724.0,853,2,1448.0,2.0,2018,9,11,253 days,3
Natal,2018-02-10,793.0,854,4,3172.0,4.0,2018,2,10,40 days,1
Natal,2018-02-12,552.0,852,2,1104.0,2.0,2018,2,12,42 days,1
Natal,2019-02-22,704.0,853,4,2816.0,4.0,2019,2,22,417 days,1
Natal,2019-04-05,292.0,852,2,584.0,2.0,2019,4,5,459 days,2
Natal,2019-03-24,559.0,853,2,1118.0,2.0,2019,3,24,447 days,1
Natal,2019-02-14,379.0,852,2,758.0,2.0,2019,2,14,409 days,1
Natal,2018-06-22,274.0,852,3,822.0,3.0,2018,6,22,172 days,2
Natal,2019-03-24,817.0,852,4,3268.0,4.0,2019,3,24,447 days,1
Natal,2019-02-14,743.0,854,4,2972.0,4.0,2019,2,14,409 days,1
Natal,2019-03-20,840.0,854,3,2520.0,3.0,2019,3,20,443 days,1
Natal,2018-05-02,612.0,854,4,2448.0,4.0,2018,5,2,121 days,2
Natal,2018-01-05,773.0,852,2,1546.0,2.0,2018,1,5,4 days,1
Natal,2019-03-10,303.0,854,3,909.0,3.0,2019,3,10,433 days,1
Natal,2019-03-30,706.0,854,2,1412.0,2.0,2019,3,30,453 days,1
Natal,2019-02-20,364.0,853,2,728.0,2.0,2019,2,20,415 days,1
Natal,2019-04-01,426.0,853,3,1278.0,3.0,2019,4,1,455 days,2
Natal,2019-02-07,310.0,853,4,1240.0,4.0,2019,2,7,402 days,1
Natal,2019-02-28,557.0,852,4,2228.0,4.0,2019,2,28,423 days,1
Natal,2018-05-23,264.0,852,3,792.0,3.0,2018,5,23,142 days,2
Natal,2019-04-02,564.0,854,2,1128.0,2.0,2019,4,2,456 days,2
Natal,2019-03-07,868.0,854,3,2604.0,3.0,2019,3,7,430 days,1
Natal,2019-01-02,63.66,1036,2,127.32,2.0,2019,1,2,366 days,1
Natal,2019-01-02,22.99,1036,1,22.99,1.0,2019,1,2,366 days,1
Natal,2019-01-02,16.88,1035,3,50.64,3.0,2019,1,2,366 days,1
Natal,2019-01-02,156.47,1037,3,469.40999999999997,3.0,2019,1,2,366 days,1
Natal,2019-01-02,135.19,1034,2,270.38,2.0,2019,1,2,366 days,1
Natal,2019-01-02,31.2,1036,1,31.2,1.0,2019,1,2,366 days,1
Natal,2019-01-02,17.46,1034,1,17.46,1.0,2019,1,2,366 days,1
Natal,2019-01-02,100.54,1036,2,201.08,2.0,2019,1,2,366 days,1
Natal,2019-01-02,17.74,1035,1,17.74,1.0,2019,1,2,366 days,1
Natal,2019-01-02,4.57,1035,1,4.57,1.0,2019,1,2,366 days,1
Natal,2019-01-02,15.58,1037,1,15.58,1.0,2019,1,2,366 days,1
Natal,2019-01-02,33.24,1037,1,33.24,1.0,2019,1,2,366 days,1
Natal,2019-01-02,5.13,1035,1,5.13,1.0,2019,1,2,366 days,1
Natal,2019-01-02,42.94,1034,3,128.82,3.0,2019,1,2,366 days,1
Natal,2019-01-02,39.91,1037,3,119.72999999999999,3.0,2019,1,2,366 days,1
Natal,2019-01-02,231.76,1036,3,695.28,3.0,2019,1,2,366 days,1
Natal,2019-01-02,40.38,1037,1,40.38,1.0,2019,1,2,366 days,1
Natal,2019-01-02,190.97,1036,2,381.94,2.0,2019,1,2,366 days,1
Natal,2019-01-02,32.28,1035,3,96.84,3.0,2019,1,2,366 days,1
Natal,2019-01-02,40.84,1034,3,122.52000000000001,3.0,2019,1,2,366 days,1
Natal,2019-01-02,191.6,1034,1,191.6,1.0,2019,1,2,366 days,1
Natal,2019-01-02,188.79,1036,3,566.37,3.0,2019,1,2,366 days,1
Natal,2019-01-02,32.83,1037,1,32.83,1.0,2019,1,2,366 days,1
Natal,2019-01-02,149.19,1035,2,298.38,2.0,2019,1,2,366 days,1
Natal,2019-01-02,14.7,1035,1,14.7,1.0,2019,1,2,366 days,1
Natal,2019-01-02,11.72,1037,1,11.72,1.0,2019,1,2,366 days,1
Natal,2019-01-02,124.37,1035,1,124.37,1.0,2019,1,2,366 days,1
Natal,2019-01-02,185.93,1036,3,557.79,2.9999999999999996,2019,1,2,366 days,1
Natal,2019-01-02,147.35,1037,2,294.7,2.0,2019,1,2,366 days,1
Natal,2019-01-02,43.0,1036,3,129.0,3.0,2019,1,2,366 days,1
Natal,2019-01-02,18.9,1034,3,56.699999999999996,3.0,2019,1,2,366 days,1
Natal,2019-01-02,25.52,1034,1,25.52,1.0,2019,1,2,366 days,1
Natal,2019-01-02,202.33,1035,2,404.66,2.0,2019,1,2,366 days,1
Natal,2019-01-02,41.78,1034,3,125.34,3.0,2019,1,2,366 days,1
Natal,2019-01-02,39.41,1034,1,39.41,1.0,2019,1,2,366 days,1
Natal,2019-01-02,92.21,1035,2,184.42,2.0,2019,1,2,366 days,1
Natal,2019-01-02,136.37,1034,2,272.74,2.0,2019,1,2,366 days,1
Natal,2019-01-02,140.17,1036,2,280.34,2.0,2019,1,2,366 days,1
Natal,2019-01-02,100.7,1037,3,302.1,3.0,2019,1,2,366 days,1
Natal,2019-01-02,13.27,1037,1,13.27,1.0,2019,1,2,366 days,1
Natal,2019-01-02,127.45,1036,3,382.35,3.0,2019,1,2,366 days,1
Natal,2019-01-02,44.82,1034,3,134.46,3.0,2019,1,2,366 days,1
Natal,2019-01-02,25.0,1037,2,50.0,2.0,2019,1,2,366 days,1
Natal,2019-01-02,41.69,1036,2,83.38,2.0,2019,1,2,366 days,1
Natal,2019-01-02,240.61,1035,3,721.83,3.0,2019,1,2,366 days,1
Natal,2019-01-02,36.84,1034,1,36.84,1.0,2019,1,2,366 days,1
Natal,2019-01-02,125.66,1037,1,125.66,1.0,2019,1,2,366 days,1
Natal,2019-01-02,59.78,1036,1,59.78,1.0,2019,1,2,366 days,1
Natal,2019-01-02,63.48,1037,3,190.44,3.0,2019,1,2,366 days,1
Natal,2019-01-02,19.61,1036,2,39.22,2.0,2019,1,2,366 days,1
Natal,2019-01-02,153.71,1035,1,153.71,1.0,2019,1,2,366 days,1
Natal,2019-01-02,125.9,1036,1,125.9,1.0,2019,1,2,366 days,1
Natal,2019-01-02,9.95,1037,3,29.849999999999998,3.0,2019,1,2,366 days,1
Natal,2019-01-02,13.81,1036,1,13.81,1.0,2019,1,2,366 days,1
Natal,2019-01-02,51.66,1036,3,154.98,3.0,2019,1,2,366 days,1
Natal,2019-01-02,212.03,1037,3,636.09,3.0,2019,1,2,366 days,1
Natal,2019-01-02,169.01,1036,1,169.01,1.0,2019,1,2,366 days,1
Natal,2019-01-02,20.79,1036,2,41.58,2.0,2019,1,2,366 days,1
Natal,2019-01-02,9.08,1036,1,9.08,1.0,2019,1,2,366 days,1
Natal,2019-01-02,7.12,1034,1,7.12,1.0,2019,1,2,366 days,1
Natal,2019-01-02,41.18,1037,2,82.36,2.0,2019,1,2,366 days,1
Natal,2019-01-02,23.38,1034,1,23.38,1.0,2019,1,2,366 days,1
Natal,2019-01-02,84.62,1034,2,169.24,2.0,2019,1,2,366 days,1
Natal,2019-01-02,149.88,1037,1,149.88,1.0,2019,1,2,366 days,1
Natal,2019-01-02,34.5,1035,1,34.5,1.0,2019,1,2,366 days,1
Natal,2019-01-02,40.59,1037,3,121.77000000000001,3.0,2019,1,2,366 days,1
Natal,2019-01-02,22.38,1034,3,67.14,3.0,2019,1,2,366 days,1
Natal,2019-01-02,11.13,1035,2,22.26,2.0,2019,1,2,366 days,1
Natal,2019-01-02,14.63,1035,1,14.63,1.0,2019,1,2,366 days,1
Natal,2019-01-02,20.07,1035,1,20.07,1.0,2019,1,2,366 days,1
Natal,2019-01-02,17.41,1035,2,34.82,2.0,2019,1,2,366 days,1
Natal,2019-01-02,9.58,1037,1,9.58,1.0,2019,1,2,366 days,1
Natal,2019-01-02,237.81,1036,3,713.4300000000001,3.0000000000000004,2019,1,2,366 days,1
Natal,2019-01-02,36.14,1037,3,108.42,3.0,2019,1,2,366 days,1
Natal,2019-01-02,150.17,1036,2,300.34,2.0,2019,1,2,366 days,1
Natal,2019-01-02,183.64,1037,3,550.92,3.0,2019,1,2,366 days,1
Natal,2019-01-02,172.52,1035,1,172.52,1.0,2019,1,2,366 days,1
Natal,2019-01-02,11.76,1034,1,11.76,1.0,2019,1,2,366 days,1
Natal,2019-01-02,5.8,1036,1,5.8,1.0,2019,1,2,366 days,1
Natal,2019-01-02,23.08,1036,2,46.16,2.0,2019,1,2,366 days,1
Natal,2019-01-02,17.66,1036,3,52.980000000000004,3.0,2019,1,2,366 days,1
Natal,2019-01-02,6.59,1035,1,6.59,1.0,2019,1,2,366 days,1
Natal,2019-01-02,11.54,1037,1,11.54,1.0,2019,1,2,366 days,1
Natal,2019-01-02,111.72,1035,3,335.15999999999997,2.9999999999999996,2019,1,2,366 days,1
Natal,2019-01-02,36.42,1037,1,36.42,1.0,2019,1,2,366 days,1
Natal,2019-01-02,20.22,1036,1,20.22,1.0,2019,1,2,366 days,1
Natal,2019-01-02,166.73,1037,2,333.46,2.0,2019,1,2,366 days,1
Natal,2019-01-02,9.26,1035,3,27.78,3.0,2019,1,2,366 days,1
Natal,2019-01-02,136.45,1035,3,409.34999999999997,3.0,2019,1,2,366 days,1
Natal,2019-01-02,6.7,1035,1,6.7,1.0,2019,1,2,366 days,1
Natal,2019-01-02,31.77,1034,2,63.54,2.0,2019,1,2,366 days,1
Natal,2019-01-02,35.3,1037,1,35.3,1.0,2019,1,2,366 days,1
Natal,2019-01-02,16.53,1036,2,33.06,2.0,2019,1,2,366 days,1
Natal,2019-01-02,19.42,1035,3,58.260000000000005,3.0,2019,1,2,366 days,1
Natal,2019-01-02,41.19,1037,2,82.38,2.0,2019,1,2,366 days,1
Natal,2019-01-02,39.28,1037,3,117.84,3.0,2019,1,2,366 days,1
Natal,2019-01-02,64.95,1036,1,64.95,1.0,2019,1,2,366 days,1
Natal,2019-01-02,116.63,1035,2,233.26,2.0,2019,1,2,366 days,1
Natal,2019-01-02,244.83,1037,2,489.66,2.0,2019,1,2,366 days,1
Natal,2019-01-02,6.6,1037,2,13.2,2.0,2019,1,2,366 days,1
Natal,2019-01-02,120.23,1037,2,240.46,2.0,2019,1,2,366 days,1
Natal,2019-01-02,167.16,1037,1,167.16,1.0,2019,1,2,366 days,1
Natal,2019-01-02,6.67,1036,1,6.67,1.0,2019,1,2,366 days,1
Natal,2019-01-02,169.09,1036,2,338.18,2.0,2019,1,2,366 days,1
Natal,2019-01-02,3.85,1035,3,11.55,3.0,2019,1,2,366 days,1
Natal,2019-01-02,178.11,1035,3,534.33,3.0,2019,1,2,366 days,1
Natal,2019-01-02,139.73,1037,2,279.46,2.0,2019,1,2,366 days,1
Natal,2019-01-02,78.78,1035,3,236.34,3.0,2019,1,2,366 days,1
Natal,2019-01-02,173.59,1034,2,347.18,2.0,2019,1,2,366 days,1
Natal,2019-01-02,166.51,1036,1,166.51,1.0,2019,1,2,366 days,1
Natal,2019-01-02,3.97,1036,2,7.94,2.0,2019,1,2,366 days,1
Natal,2019-01-02,156.47,1035,1,156.47,1.0,2019,1,2,366 days,1
Natal,2019-01-02,44.89,1036,3,134.67000000000002,3.0000000000000004,2019,1,2,366 days,1
Natal,2019-01-02,145.09,1036,2,290.18,2.0,2019,1,2,366 days,1
Natal,2019-01-02,10.45,1036,2,20.9,2.0,2019,1,2,366 days,1
Natal,2019-01-02,13.65,1037,3,40.95,3.0,2019,1,2,366 days,1
Natal,2019-01-02,153.87,1036,3,461.61,3.0,2019,1,2,366 days,1
Natal,2019-01-02,41.06,1035,1,41.06,1.0,2019,1,2,366 days,1
Natal,2019-01-02,86.61,1036,1,86.61,1.0,2019,1,2,366 days,1
Natal,2019-01-02,22.45,1036,1,22.45,1.0,2019,1,2,366 days,1
Natal,2019-01-02,37.75,1035,2,75.5,2.0,2019,1,2,366 days,1
Natal,2019-01-02,151.41,1037,2,302.82,2.0,2019,1,2,366 days,1
Natal,2019-01-02,196.09,1037,1,196.09,1.0,2019,1,2,366 days,1
Natal,2019-01-02,151.45,1036,2,302.9,2.0,2019,1,2,366 days,1
Natal,2019-01-02,46.7,1036,2,93.4,2.0,2019,1,2,366 days,1
Natal,2019-01-02,39.4,1036,3,118.19999999999999,3.0,2019,1,2,366 days,1
Natal,2019-01-02,69.98,1034,2,139.96,2.0,2019,1,2,366 days,1
Natal,2019-01-02,197.64,1035,1,197.64,1.0,2019,1,2,366 days,1
Natal,2019-01-02,141.05,1035,3,423.15000000000003,3.0,2019,1,2,366 days,1
Natal,2019-01-02,50.73,1037,3,152.19,3.0,2019,1,2,366 days,1
Natal,2019-01-02,42.12,1035,1,42.12,1.0,2019,1,2,366 days,1
Natal,2019-01-02,54.94,1036,2,109.88,2.0,2019,1,2,366 days,1
Natal,2019-01-02,203.84,1036,1,203.84,1.0,2019,1,2,366 days,1
Natal,2019-01-02,5.82,1035,1,5.82,1.0,2019,1,2,366 days,1
Natal,2019-01-02,37.65,1036,2,75.3,2.0,2019,1,2,366 days,1
Natal,2019-01-02,189.12,1036,3,567.36,3.0,2019,1,2,366 days,1
Natal,2019-01-02,19.67,1037,2,39.34,2.0,2019,1,2,366 days,1
Natal,2019-01-02,42.71,1035,1,42.71,1.0,2019,1,2,366 days,1
Natal,2019-01-02,142.23,1035,2,284.46,2.0,2019,1,2,366 days,1
Natal,2019-01-02,43.96,1037,1,43.96,1.0,2019,1,2,366 days,1
Natal,2019-01-02,40.51,1037,2,81.02,2.0,2019,1,2,366 days,1
Natal,2019-01-02,178.3,1035,3,534.9000000000001,3.0000000000000004,2019,1,2,366 days,1
Natal,2019-01-02,36.23,1035,1,36.23,1.0,2019,1,2,366 days,1
Natal,2019-01-02,38.32,1035,2,76.64,2.0,2019,1,2,366 days,1
Natal,2019-01-02,14.7,1035,1,14.7,1.0,2019,1,2,366 days,1
Natal,2019-01-02,6.87,1037,3,20.61,3.0,2019,1,2,366 days,1
Natal,2019-01-02,43.08,1036,2,86.16,2.0,2019,1,2,366 days,1
Natal,2019-01-03,184.69,1036,1,184.69,1.0,2019,1,3,367 days,1
Natal,2019-01-03,89.85,1034,2,179.7,2.0,2019,1,3,367 days,1
Natal,2019-01-03,167.76,1034,3,503.28,3.0,2019,1,3,367 days,1
Natal,2019-01-03,172.4,1036,2,344.8,2.0,2019,1,3,367 days,1
Natal,2019-01-03,48.39,1035,2,96.78,2.0,2019,1,3,367 days,1
Natal,2019-01-03,41.84,1034,1,41.84,1.0,2019,1,3,367 days,1
Natal,2019-01-03,126.29,1035,3,378.87,3.0,2019,1,3,367 days,1
Natal,2019-01-03,38.06,1036,3,114.18,3.0,2019,1,3,367 days,1
Natal,2019-01-03,139.64,1035,1,139.64,1.0,2019,1,3,367 days,1
Natal,2019-01-03,161.41,1037,3,484.23,3.0,2019,1,3,367 days,1
Recife,2019-01-01,162.61,981,1,162.61,1.0,2019,1,1,365 days,1
Recife,2019-01-01,11.44,983,1,11.44,1.0,2019,1,1,365 days,1
Recife,2019-02-10,12.94,983,5,64.7,5.0,2019,2,10,405 days,1
Recife,2019-02-10,160.54,981,3,481.62,3.0,2019,2,10,405 days,1
Recife,2019-02-14,19.89,983,7,139.23000000000002,7.000000000000001,2019,2,14,409 days,1
Recife,2019-01-01,13.59,980,3,40.769999999999996,2.9999999999999996,2019,1,1,365 days,1
Recife,2019-01-01,16.27,981,6,97.62,6.0,2019,1,1,365 days,1
Recife,2019-02-11,33.37,982,3,100.10999999999999,3.0,2019,2,11,406 days,1
Recife,2019-02-11,56.47,980,6,338.82,6.0,2019,2,11,406 days,1
Recife,2019-01-01,11.85,980,7,82.95,7.000000000000001,2019,1,1,365 days,1
Recife,2019-01-01,38.51,982,8,308.08,8.0,2019,1,1,365 days,1
Recife,2019-01-01,202.79,980,5,1013.9499999999999,5.0,2019,1,1,365 days,1
Recife,2019-01-01,17.48,982,2,34.96,2.0,2019,1,1,365 days,1
Recife,2019-02-12,15.33,983,5,76.65,5.0,2019,2,12,407 days,1
Recife,2019-01-12,102.91,982,3,308.73,3.0000000000000004,2019,1,12,376 days,1
Recife,2019-01-01,7.45,981,2,14.9,2.0,2019,1,1,365 days,1
Recife,2019-01-01,19.95,980,8,159.6,8.0,2019,1,1,365 days,1
Recife,2019-02-14,142.45,981,3,427.34999999999997,3.0,2019,2,14,409 days,1
Recife,2019-01-01,49.4,980,5,247.0,5.0,2019,1,1,365 days,1
Recife,2019-01-01,199.43,983,7,1396.01,7.0,2019,1,1,365 days,1
Recife,2019-01-01,42.35,982,3,127.05000000000001,3.0,2019,1,1,365 days,1
Recife,2019-01-01,164.74,983,1,164.74,1.0,2019,1,1,365 days,1
Recife,2019-01-01,39.53,983,3,118.59,3.0,2019,1,1,365 days,1
Recife,2019-01-01,37.51,982,2,75.02,2.0,2019,1,1,365 days,1
Recife,2019-01-01,13.0,983,2,26.0,2.0,2019,1,1,365 days,1
Recife,2019-01-01,161.6,982,5,808.0,5.0,2019,1,1,365 days,1
Recife,2019-01-01,126.05,980,1,126.05,1.0,2019,1,1,365 days,1
Recife,2019-01-01,22.25,980,7,155.75,7.0,2019,1,1,365 days,1
Recife,2019-01-01,123.69,983,3,371.07,3.0,2019,1,1,365 days,1
Recife,2019-01-01,10.18,980,8,81.44,8.0,2019,1,1,365 days,1
Recife,2019-01-01,12.35,980,5,61.75,5.0,2019,1,1,365 days,1
Recife,2019-01-01,176.23,981,7,1233.61,7.0,2019,1,1,365 days,1
Recife,2019-01-01,15.93,982,7,111.50999999999999,6.999999999999999,2019,1,1,365 days,1
Recife,2019-01-01,32.33,982,1,32.33,1.0,2019,1,1,365 days,1
Recife,2019-01-01,24.97,980,5,124.85,5.0,2019,1,1,365 days,1
Recife,2019-01-01,148.9,983,1,148.9,1.0,2019,1,1,365 days,1
Recife,2019-01-01,146.62,983,6,879.72,6.0,2019,1,1,365 days,1
Recife,2019-01-01,136.36,980,7,954.5200000000001,7.0,2019,1,1,365 days,1
Recife,2019-01-01,104.53,983,4,418.12,4.0,2019,1,1,365 days,1
Recife,2019-01-01,143.58,981,3,430.74,3.0,2019,1,1,365 days,1
Recife,2019-02-13,36.22,983,6,217.32,6.0,2019,2,13,408 days,1
Recife,2019-02-13,157.78,981,4,631.12,4.0,2019,2,13,408 days,1
Recife,2019-01-01,161.45,983,3,484.34999999999997,3.0,2019,1,1,365 days,1
Recife,2019-01-01,22.29,983,7,156.03,7.0,2019,1,1,365 days,1
Recife,2019-01-01,142.21,983,8,1137.68,8.0,2019,1,1,365 days,1
Recife,2019-01-01,15.9,983,8,127.2,8.0,2019,1,1,365 days,1
Recife,2019-01-01,239.17,981,8,1913.36,8.0,2019,1,1,365 days,1
Recife,2019-01-01,8.6,983,3,25.799999999999997,3.0,2019,1,1,365 days,1
Recife,2019-01-01,141.19,980,7,988.3299999999999,7.0,2019,1,1,365 days,1
Recife,2019-01-01,122.55,981,1,122.55,1.0,2019,1,1,365 days,1
Recife,2019-01-01,7.24,983,4,28.96,4.0,2019,1,1,365 days,1
Recife,2019-01-01,146.95,982,2,293.9,2.0,2019,1,1,365 days,1
Recife,2019-01-01,11.87,981,6,71.22,6.0,2019,1,1,365 days,1
Recife,2019-01-01,37.05,983,6,222.29999999999998,6.0,2019,1,1,365 days,1
Recife,2019-01-01,23.43,982,7,164.01,7.0,2019,1,1,365 days,1
Recife,2019-01-01,20.03,983,4,80.12,4.0,2019,1,1,365 days,1
Recife,2019-01-01,7.98,983,5,39.900000000000006,5.000000000000001,2019,1,1,365 days,1
Recife,2019-01-01,201.41,980,3,604.23,3.0,2019,1,1,365 days,1
Recife,2019-01-01,8.02,983,2,16.04,2.0,2019,1,1,365 days,1
Recife,2019-01-01,89.39,983,5,446.95,5.0,2019,1,1,365 days,1
Recife,2019-01-01,37.97,983,1,37.97,1.0,2019,1,1,365 days,1
Recife,2019-01-01,127.85,982,7,894.9499999999999,7.0,2019,1,1,365 days,1
Recife,2019-01-01,23.04,983,6,138.24,6.000000000000001,2019,1,1,365 days,1
Recife,2019-01-01,37.95,980,2,75.9,2.0,2019,1,1,365 days,1
Recife,2019-01-01,89.32,983,2,178.64,2.0,2019,1,1,365 days,1
Recife,2019-01-01,4.01,981,1,4.01,1.0,2019,1,1,365 days,1
Recife,2019-01-01,14.59,983,7,102.13,7.0,2019,1,1,365 days,1
Recife,2019-01-01,179.52,983,5,897.6,5.0,2019,1,1,365 days,1
Recife,2019-01-01,175.45,980,3,526.3499999999999,2.9999999999999996,2019,1,1,365 days,1
Recife,2019-01-01,38.83,981,1,38.83,1.0,2019,1,1,365 days,1
Recife,2019-01-01,20.4,983,7,142.79999999999998,7.0,2019,1,1,365 days,1
Recife,2019-01-01,138.69,983,3,416.07,3.0,2019,1,1,365 days,1
Recife,2019-01-01,42.32,982,2,84.64,2.0,2019,1,1,365 days,1
Recife,2019-01-01,39.71,981,5,198.55,5.0,2019,1,1,365 days,1
Recife,2019-01-01,38.79,983,6,232.74,6.0,2019,1,1,365 days,1
Recife,2019-01-01,170.29,981,8,1362.32,8.0,2019,1,1,365 days,1
Recife,2019-01-01,17.86,980,5,89.3,5.0,2019,1,1,365 days,1
Recife,2019-01-01,102.82,981,6,616.92,6.0,2019,1,1,365 days,1
Recife,2019-01-01,238.73,980,3,716.1899999999999,3.0,2019,1,1,365 days,1
Recife,2019-01-01,14.53,983,6,87.17999999999999,6.0,2019,1,1,365 days,1
Recife,2019-01-01,114.14,982,8,913.12,8.0,2019,1,1,365 days,1
Recife,2019-01-01,36.52,982,8,292.16,8.0,2019,1,1,365 days,1
Recife,2019-01-01,29.55,981,6,177.3,6.0,2019,1,1,365 days,1
Recife,2019-01-01,143.61,983,6,861.6600000000001,6.0,2019,1,1,365 days,1
Recife,2019-01-01,36.41,980,6,218.45999999999998,6.0,2019,1,1,365 days,1
Recife,2019-01-01,182.52,983,1,182.52,1.0,2019,1,1,365 days,1
Recife,2019-01-01,17.83,982,8,142.64,8.0,2019,1,1,365 days,1
Recife,2019-01-01,210.06,983,4,840.24,4.0,2019,1,1,365 days,1
Recife,2019-01-01,180.24,980,6,1081.44,6.0,2019,1,1,365 days,1
Recife,2019-01-01,18.11,980,3,54.33,3.0,2019,1,1,365 days,1
Recife,2019-01-01,16.04,980,1,16.04,1.0,2019,1,1,365 days,1
Recife,2019-01-01,150.58,982,6,903.48,6.0,2019,1,1,365 days,1
Recife,2019-01-01,163.02,981,4,652.08,4.0,2019,1,1,365 days,1
Recife,2019-01-01,17.45,980,6,104.69999999999999,6.0,2019,1,1,365 days,1
Recife,2019-01-01,24.7,982,3,74.1,3.0,2019,1,1,365 days,1
Recife,2019-01-01,40.03,982,3,120.09,3.0,2019,1,1,365 days,1
Recife,2019-01-01,165.36,982,7,1157.52,6.999999999999999,2019,1,1,365 days,1
Recife,2019-01-01,153.04,983,4,612.16,4.0,2019,1,1,365 days,1
Recife,2019-01-01,137.34,981,8,1098.72,8.0,2019,1,1,365 days,1
Recife,2019-01-01,136.72,980,4,546.88,4.0,2019,1,1,365 days,1
Recife,2019-01-01,35.11,982,4,140.44,4.0,2019,1,1,365 days,1
Recife,2019-01-01,172.55,983,7,1207.8500000000001,7.0,2019,1,1,365 days,1
Recife,2019-01-01,96.5,982,7,675.5,7.0,2019,1,1,365 days,1
Recife,2019-01-01,41.65,982,3,124.94999999999999,3.0,2019,1,1,365 days,1
Recife,2019-01-01,40.11,983,5,200.55,5.0,2019,1,1,365 days,1
Recife,2019-01-01,41.12,980,3,123.35999999999999,3.0,2019,1,1,365 days,1
Recife,2019-01-01,30.46,982,3,91.38,2.9999999999999996,2019,1,1,365 days,1
Recife,2019-01-01,15.4,980,7,107.8,7.0,2019,1,1,365 days,1
Recife,2019-03-02,152.89,981,4,611.56,4.0,2019,3,2,425 days,1
Recife,2019-03-02,18.9,982,6,113.39999999999999,6.0,2019,3,2,425 days,1
Recife,2019-03-02,51.98,983,6,311.88,6.0,2019,3,2,425 days,1
Recife,2019-03-02,8.0,981,3,24.0,3.0,2019,3,2,425 days,1
Recife,2019-03-02,133.59,982,1,133.59,1.0,2019,3,2,425 days,1
Recife,2019-03-02,38.63,980,2,77.26,2.0,2019,3,2,425 days,1
Recife,2019-03-02,16.82,983,4,67.28,4.0,2019,3,2,425 days,1
Recife,2019-03-02,12.23,981,3,36.69,2.9999999999999996,2019,3,2,425 days,1
Recife,2019-03-02,79.1,982,2,158.2,2.0,2019,3,2,425 days,1
Recife,2019-03-02,15.42,983,8,123.36,8.0,2019,3,2,425 days,1
Recife,2019-03-02,17.7,981,5,88.5,5.0,2019,3,2,425 days,1
Recife,2019-03-02,152.3,982,7,1066.1000000000001,7.0,2019,3,2,425 days,1
Recife,2019-03-02,184.9,982,4,739.6,4.0,2019,3,2,425 days,1
Recife,2019-03-02,41.55,981,3,124.64999999999999,3.0,2019,3,2,425 days,1
Recife,2019-03-02,235.06,983,3,705.1800000000001,3.0000000000000004,2019,3,2,425 days,1
Recife,2019-03-02,20.22,981,6,121.32,6.0,2019,3,2,425 days,1
Recife,2019-03-02,47.98,983,7,335.85999999999996,6.999999999999999,2019,3,2,425 days,1
Recife,2019-03-02,37.6,983,4,150.4,4.0,2019,3,2,425 days,1
Recife,2019-03-02,41.87,980,8,334.96,8.0,2019,3,2,425 days,1
Recife,2019-03-02,39.56,982,8,316.48,8.0,2019,3,2,425 days,1
Recife,2019-03-02,38.7,982,4,154.8,4.0,2019,3,2,425 days,1
Recife,2019-03-02,35.34,982,7,247.38000000000002,7.0,2019,3,2,425 days,1
Recife,2019-03-02,12.36,983,4,49.44,4.0,2019,3,2,425 days,1
Recife,2019-03-02,139.07,982,6,834.42,6.0,2019,3,2,425 days,1
Recife,2019-03-02,17.49,983,5,87.44999999999999,5.0,2019,3,2,425 days,1
Recife,2019-03-02,14.67,980,7,102.69,7.0,2019,3,2,425 days,1
Recife,2019-03-02,195.18,980,5,975.9000000000001,5.0,2019,3,2,425 days,1
Recife,2019-03-02,10.79,983,5,53.949999999999996,5.0,2019,3,2,425 days,1
Recife,2019-03-02,39.09,982,4,156.36,4.0,2019,3,2,425 days,1
Recife,2019-03-02,51.99,983,3,155.97,3.0,2019,3,2,425 days,1
Recife,2019-03-02,150.38,983,6,902.28,6.0,2019,3,2,425 days,1
Recife,2019-03-02,141.16,980,7,988.12,7.0,2019,3,2,425 days,1
Recife,2019-03-02,166.89,983,5,834.4499999999999,5.0,2019,3,2,425 days,1
Recife,2019-03-02,182.75,983,8,1462.0,8.0,2019,3,2,425 days,1
Salvador,2018-01-01,31.06,1037,3,93.17999999999999,3.0,2018,1,1,0 days,1
Salvador,2018-01-01,19.02,1034,3,57.06,3.0,2018,1,1,0 days,1
Salvador,2019-02-10,173.59,1035,3,520.77,3.0,2019,2,10,405 days,1
Salvador,2019-02-10,176.34,1037,3,529.02,3.0,2019,2,10,405 days,1
Salvador,2019-02-14,19.47,1037,3,58.41,3.0,2019,2,14,409 days,1
Salvador,2019-01-01,179.2,1037,3,537.5999999999999,2.9999999999999996,2019,1,1,365 days,1
Salvador,2019-01-01,36.3,1034,2,72.6,2.0,2019,1,1,365 days,1
Salvador,2019-02-11,6.13,1034,2,12.26,2.0,2019,2,11,406 days,1
Salvador,2019-02-11,4.96,1036,2,9.92,2.0,2019,2,11,406 days,1
Salvador,2019-01-01,127.92,1036,1,127.92,1.0,2019,1,1,365 days,1
Salvador,2019-01-01,30.97,1036,1,30.97,1.0,2019,1,1,365 days,1
Salvador,2019-01-01,30.62,1034,3,91.86,3.0,2019,1,1,365 days,1
Salvador,2019-01-01,125.05,1034,3,375.15,3.0,2019,1,1,365 days,1
Salvador,2019-02-12,39.29,1035,1,39.29,1.0,2019,2,12,407 days,1
Salvador,2019-01-12,109.01,1035,2,218.02,2.0,2019,1,12,376 days,1
Salvador,2019-01-01,20.15,1036,3,60.449999999999996,3.0,2019,1,1,365 days,1
Salvador,2019-01-01,32.47,1036,2,64.94,2.0,2019,1,1,365 days,1
Salvador,2019-02-14,158.66,1037,1,158.66,1.0,2019,2,14,409 days,1
Salvador,2019-01-01,242.31,1035,1,242.31,1.0,2019,1,1,365 days,1
Salvador,2019-01-01,167.12,1035,1,167.12,1.0,2019,1,1,365 days,1
Salvador,2019-01-01,33.97,1034,3,101.91,3.0,2019,1,1,365 days,1
Salvador,2019-01-01,39.72,1035,3,119.16,3.0,2019,1,1,365 days,1
Salvador,2019-01-01,32.57,1035,1,32.57,1.0,2019,1,1,365 days,1
Salvador,2019-01-01,193.2,1036,3,579.5999999999999,2.9999999999999996,2019,1,1,365 days,1
Salvador,2019-01-01,15.6,1034,2,31.2,2.0,2019,1,1,365 days,1
Salvador,2019-01-01,220.62,1035,1,220.62,1.0,2019,1,1,365 days,1
Salvador,2019-01-01,183.45,1036,3,550.3499999999999,2.9999999999999996,2019,1,1,365 days,1
Salvador,2019-01-01,145.79,1034,1,145.79,1.0,2019,1,1,365 days,1
Salvador,2019-01-01,162.34,1035,2,324.68,2.0,2019,1,1,365 days,1
Salvador,2019-01-01,9.27,1034,1,9.27,1.0,2019,1,1,365 days,1
Salvador,2019-01-01,47.96,1034,2,95.92,2.0,2019,1,1,365 days,1
Salvador,2019-01-01,202.25,1035,2,404.5,2.0,2019,1,1,365 days,1
Salvador,2019-01-01,151.27,1035,1,151.27,1.0,2019,1,1,365 days,1
Salvador,2019-01-01,144.19,1035,2,288.38,2.0,2019,1,1,365 days,1
Salvador,2019-01-01,36.54,1037,3,109.62,3.0,2019,1,1,365 days,1
Salvador,2019-01-01,241.45,1037,1,241.45,1.0,2019,1,1,365 days,1
Salvador,2019-01-01,9.67,1037,1,9.67,1.0,2019,1,1,365 days,1
Salvador,2019-01-01,18.31,1036,3,54.92999999999999,3.0,2019,1,1,365 days,1
Salvador,2019-01-01,165.34,1034,3,496.02,3.0,2019,1,1,365 days,1
Salvador,2019-01-01,165.95,1036,3,497.84999999999997,3.0,2019,1,1,365 days,1
Salvador,2019-02-13,161.87,1036,3,485.61,3.0,2019,2,13,408 days,1
Salvador,2019-02-13,9.86,1035,2,19.72,2.0,2019,2,13,408 days,1
Salvador,2019-01-01,44.28,1034,1,44.28,1.0,2019,1,1,365 days,1
Salvador,2019-01-01,12.21,1034,1,12.21,1.0,2019,1,1,365 days,1
Salvador,2019-01-01,43.26,1037,2,86.52,2.0,2019,1,1,365 days,1
Salvador,2019-01-01,175.25,1035,3,525.75,3.0,2019,1,1,365 days,1
Salvador,2019-01-01,34.84,1034,3,104.52000000000001,3.0,2019,1,1,365 days,1
Salvador,2019-01-01,190.03,1036,2,380.06,2.0,2019,1,1,365 days,1
Salvador,2019-01-01,127.28,1035,2,254.56,2.0,2019,1,1,365 days,1
Salvador,2019-01-01,37.88,1034,2,75.76,2.0,2019,1,1,365 days,1
Salvador,2019-01-01,44.87,1036,3,134.60999999999999,3.0,2019,1,1,365 days,1
Salvador,2019-01-01,13.37,1037,2,26.74,2.0,2019,1,1,365 days,1
Salvador,2019-01-01,43.77,1036,2,87.54,2.0,2019,1,1,365 days,1
Salvador,2019-01-01,39.5,1035,3,118.5,3.0,2019,1,1,365 days,1
Salvador,2019-01-01,46.54,1037,3,139.62,3.0,2019,1,1,365 days,1
Salvador,2019-01-01,36.62,1036,1,36.62,1.0,2019,1,1,365 days,1
Salvador,2019-01-01,178.44,1035,3,535.3199999999999,2.9999999999999996,2019,1,1,365 days,1
Salvador,2019-01-01,11.72,1035,1,11.72,1.0,2019,1,1,365 days,1
Salvador,2019-01-01,20.64,1037,2,41.28,2.0,2019,1,1,365 days,1
Salvador,2019-01-01,138.27,1034,2,276.54,2.0,2019,1,1,365 days,1
Salvador,2019-01-01,96.01,1034,2,192.02,2.0,2019,1,1,365 days,1
Salvador,2019-01-01,4.54,1036,3,13.620000000000001,3.0,2019,1,1,365 days,1
Salvador,2019-01-01,161.02,1037,3,483.06000000000006,3.0,2019,1,1,365 days,1
Salvador,2019-01-01,166.59,1036,1,166.59,1.0,2019,1,1,365 days,1
Salvador,2019-01-01,37.96,1037,3,113.88,3.0,2019,1,1,365 days,1
Salvador,2019-01-01,3.39,1034,2,6.78,2.0,2019,1,1,365 days,1
Salvador,2019-01-01,70.2,1035,3,210.60000000000002,3.0,2019,1,1,365 days,1
Salvador,2019-01-01,36.89,1037,2,73.78,2.0,2019,1,1,365 days,1
Salvador,2019-01-01,162.35,1037,3,487.04999999999995,3.0,2019,1,1,365 days,1
Salvador,2019-01-01,14.79,1035,1,14.79,1.0,2019,1,1,365 days,1
Salvador,2019-01-01,39.06,1034,3,117.18,3.0,2019,1,1,365 days,1
Salvador,2019-01-01,21.36,1035,2,42.72,2.0,2019,1,1,365 days,1
Salvador,2019-01-01,149.47,1036,3,448.40999999999997,3.0,2019,1,1,365 days,1
Salvador,2019-01-01,8.39,1037,1,8.39,1.0,2019,1,1,365 days,1
Salvador,2019-01-01,170.53,1035,2,341.06,2.0,2019,1,1,365 days,1
Salvador,2019-01-01,155.52,1034,1,155.52,1.0,2019,1,1,365 days,1
Salvador,2019-01-01,39.51,1035,3,118.53,3.0,2019,1,1,365 days,1
Salvador,2019-01-01,218.76,1037,1,218.76,1.0,2019,1,1,365 days,1
Salvador,2019-01-01,111.2,1036,3,333.6,3.0,2019,1,1,365 days,1
Salvador,2019-01-01,19.02,1034,2,38.04,2.0,2019,1,1,365 days,1
Salvador,2019-01-01,40.24,1036,2,80.48,2.0,2019,1,1,365 days,1
Salvador,2019-01-01,17.36,1037,2,34.72,2.0,2019,1,1,365 days,1
Salvador,2019-01-01,207.88,1035,1,207.88,1.0,2019,1,1,365 days,1
Salvador,2019-01-01,63.66,1036,2,127.32,2.0,2019,1,1,365 days,1
Salvador,2019-01-01,22.99,1036,1,22.99,1.0,2019,1,1,365 days,1
Salvador,2019-01-01,16.88,1035,3,50.64,3.0,2019,1,1,365 days,1
Salvador,2019-01-01,156.47,1037,3,469.40999999999997,3.0,2019,1,1,365 days,1
Salvador,2019-01-01,135.19,1034,2,270.38,2.0,2019,1,1,365 days,1
Salvador,2019-01-01,31.2,1036,1,31.2,1.0,2019,1,1,365 days,1
Salvador,2019-01-01,17.46,1034,1,17.46,1.0,2019,1,1,365 days,1
Salvador,2019-01-01,100.54,1036,2,201.08,2.0,2019,1,1,365 days,1
Salvador,2019-01-01,17.74,1035,1,17.74,1.0,2019,1,1,365 days,1
Salvador,2019-01-01,4.57,1035,1,4.57,1.0,2019,1,1,365 days,1
Salvador,2019-01-01,15.58,1037,1,15.58,1.0,2019,1,1,365 days,1
Salvador,2019-01-01,33.24,1037,1,33.24,1.0,2019,1,1,365 days,1
Salvador,2019-01-01,5.13,1035,1,5.13,1.0,2019,1,1,365 days,1
Salvador,2019-01-01,42.94,1034,3,128.82,3.0,2019,1,1,365 days,1
Salvador,2019-01-01,39.91,1037,3,119.72999999999999,3.0,2019,1,1,365 days,1
Salvador,2019-01-01,231.76,1036,3,695.28,3.0,2019,1,1,365 days,1
Salvador,2019-01-01,40.38,1037,1,40.38,1.0,2019,1,1,365 days,1
Salvador,2019-01-01,190.97,1036,2,381.94,2.0,2019,1,1,365 days,1
Salvador,2019-01-01,32.28,1035,3,96.84,3.0,2019,1,1,365 days,1
Salvador,2019-01-01,40.84,1034,3,122.52000000000001,3.0,2019,1,1,365 days,1
Salvador,2019-01-01,191.6,1034,1,191.6,1.0,2019,1,1,365 days,1
Salvador,2019-01-01,188.79,1036,3,566.37,3.0,2019,1,1,365 days,1
Salvador,2019-01-01,32.83,1037,1,32.83,1.0,2019,1,1,365 days,1
Salvador,2019-01-01,149.19,1035,2,298.38,2.0,2019,1,1,365 days,1
Salvador,2019-01-01,14.7,1035,1,14.7,1.0,2019,1,1,365 days,1
Salvador,2019-03-02,11.72,1037,1,11.72,1.0,2019,3,2,425 days,1
Salvador,2019-03-02,124.37,1035,1,124.37,1.0,2019,3,2,425 days,1
Salvador,2019-03-02,185.93,1036,3,557.79,2.9999999999999996,2019,3,2,425 days,1
Salvador,2019-03-02,147.35,1037,2,294.7,2.0,2019,3,2,425 days,1
Salvador,2019-03-02,43.0,1036,3,129.0,3.0,2019,3,2,425 days,1
Salvador,2019-03-02,18.9,1034,3,56.699999999999996,3.0,2019,3,2,425 days,1
Salvador,2019-03-02,25.52,1034,1,25.52,1.0,2019,3,2,425 days,1
Salvador,2019-03-02,202.33,1035,2,404.66,2.0,2019,3,2,425 days,1
Salvador,2019-03-02,41.78,1034,3,125.34,3.0,2019,3,2,425 days,1
Salvador,2019-03-02,39.41,1034,1,39.41,1.0,2019,3,2,425 days,1
Salvador,2019-03-02,92.21,1035,2,184.42,2.0,2019,3,2,425 days,1
Salvador,2019-03-02,136.37,1034,2,272.74,2.0,2019,3,2,425 days,1
Salvador,2019-03-02,140.17,1036,2,280.34,2.0,2019,3,2,425 days,1
Salvador,2019-03-02,100.7,1037,3,302.1,3.0,2019,3,2,425 days,1
Salvador,2019-03-02,13.27,1037,1,13.27,1.0,2019,3,2,425 days,1
Salvador,2019-03-02,127.45,1036,3,382.35,3.0,2019,3,2,425 days,1
Salvador,2019-03-02,44.82,1034,3,134.46,3.0,2019,3,2,425 days,1
Salvador,2019-03-02,25.0,1037,2,50.0,2.0,2019,3,2,425 days,1
Salvador,2019-03-02,41.69,1036,2,83.38,2.0,2019,3,2,425 days,1
Salvador,2019-03-02,240.61,1035,3,721.83,3.0,2019,3,2,425 days,1
Salvador,2019-03-02,36.84,1034,1,36.84,1.0,2019,3,2,425 days,1
Salvador,2019-03-02,125.66,1037,1,125.66,1.0,2019,3,2,425 days,1
Salvador,2019-03-02,59.78,1036,1,59.78,1.0,2019,3,2,425 days,1
Salvador,2019-03-02,63.48,1037,3,190.44,3.0,2019,3,2,425 days,1
Salvador,2019-03-02,19.61,1036,2,39.22,2.0,2019,3,2,425 days,1
Salvador,2019-03-02,153.71,1035,1,153.71,1.0,2019,3,2,425 days,1
Salvador,2019-03-02,125.9,1036,1,125.9,1.0,2019,3,2,425 days,1
Salvador,2019-03-02,9.95,1037,3,29.849999999999998,3.0,2019,3,2,425 days,1
Salvador,2019-03-02,13.81,1036,1,13.81,1.0,2019,3,2,425 days,1
Salvador,2019-03-02,51.66,1036,3,154.98,3.0,2019,3,2,425 days,1
Salvador,2019-03-02,212.03,1037,3,636.09,3.0,2019,3,2,425 days,1
Salvador,2019-03-02,169.01,1036,1,169.01,1.0,2019,3,2,425 days,1
Salvador,2019-03-02,20.79,1036,2,41.58,2.0,2019,3,2,425 days,1
Salvador,2019-03-02,9.08,1036,1,9.08,1.0,2019,3,2,425 days,1
Salvador,2019-01-02,7.12,1034,1,7.12,1.0,2019,1,2,366 days,1
Salvador,2019-01-02,41.18,1037,2,82.36,2.0,2019,1,2,366 days,1
Salvador,2019-01-02,23.38,1034,1,23.38,1.0,2019,1,2,366 days,1
Salvador,2019-01-02,84.62,1034,2,169.24,2.0,2019,1,2,366 days,1
Salvador,2019-01-02,149.88,1037,1,149.88,1.0,2019,1,2,366 days,1
Salvador,2019-01-02,34.5,1035,1,34.5,1.0,2019,1,2,366 days,1
Salvador,2019-01-02,40.59,1037,3,121.77000000000001,3.0,2019,1,2,366 days,1
Salvador,2019-01-02,22.38,1034,3,67.14,3.0,2019,1,2,366 days,1
Salvador,2019-01-02,11.13,1035,2,22.26,2.0,2019,1,2,366 days,1
Salvador,2019-01-02,14.63,1035,1,14.63,1.0,2019,1,2,366 days,1
Salvador,2019-01-02,20.07,1035,1,20.07,1.0,2019,1,2,366 days,1
Salvador,2019-01-02,17.41,1035,2,34.82,2.0,2019,1,2,366 days,1
Salvador,2019-01-02,9.58,1037,1,9.58,1.0,2019,1,2,366 days,1
Salvador,2019-01-02,237.81,1036,3,713.4300000000001,3.0000000000000004,2019,1,2,366 days,1
Salvador,2019-01-02,36.14,1037,3,108.42,3.0,2019,1,2,366 days,1
Salvador,2019-01-02,150.17,1036,2,300.34,2.0,2019,1,2,366 days,1
Salvador,2019-01-02,183.64,1037,3,550.92,3.0,2019,1,2,366 days,1
Salvador,2019-01-02,172.52,1035,1,172.52,1.0,2019,1,2,366 days,1
Salvador,2019-01-02,11.76,1034,1,11.76,1.0,2019,1,2,366 days,1
Salvador,2019-01-02,5.8,1036,1,5.8,1.0,2019,1,2,366 days,1
Salvador,2019-01-02,23.08,1036,2,46.16,2.0,2019,1,2,366 days,1
Salvador,2019-01-02,17.66,1036,3,52.980000000000004,3.0,2019,1,2,366 days,1
Salvador,2019-01-02,6.59,1035,1,6.59,1.0,2019,1,2,366 days,1
Salvador,2019-01-02,11.54,1037,1,11.54,1.0,2019,1,2,366 days,1
Salvador,2019-01-02,111.72,1035,3,335.15999999999997,2.9999999999999996,2019,1,2,366 days,1
Salvador,2019-01-02,36.42,1037,1,36.42,1.0,2019,1,2,366 days,1
Salvador,2019-01-02,20.22,1036,1,20.22,1.0,2019,1,2,366 days,1
Salvador,2019-01-02,166.73,1037,2,333.46,2.0,2019,1,2,366 days,1
Salvador,2019-01-02,9.26,1035,3,27.78,3.0,2019,1,2,366 days,1
Salvador,2019-01-02,136.45,1035,3,409.34999999999997,3.0,2019,1,2,366 days,1
Salvador,2019-01-02,6.7,1035,1,6.7,1.0,2019,1,2,366 days,1
Salvador,2019-01-02,31.77,1034,2,63.54,2.0,2019,1,2,366 days,1
Salvador,2019-01-02,35.3,1037,1,35.3,1.0,2019,1,2,366 days,1
Salvador,2019-01-02,16.53,1036,2,33.06,2.0,2019,1,2,366 days,1
Salvador,2019-01-02,19.42,1035,3,58.260000000000005,3.0,2019,1,2,366 days,1
Salvador,2019-01-02,41.19,1037,2,82.38,2.0,2019,1,2,366 days,1
Salvador,2019-01-02,39.28,1037,3,117.84,3.0,2019,1,2,366 days,1
Salvador,2019-01-02,64.95,1036,1,64.95,1.0,2019,1,2,366 days,1
Salvador,2019-01-02,116.63,1035,2,233.26,2.0,2019,1,2,366 days,1
Salvador,2019-01-02,244.83,1037,2,489.66,2.0,2019,1,2,366 days,1
Salvador,2019-01-02,6.6,1037,2,13.2,2.0,2019,1,2,366 days,1
Salvador,2019-01-02,120.23,1037,2,240.46,2.0,2019,1,2,366 days,1
Salvador,2019-01-02,167.16,1037,1,167.16,1.0,2019,1,2,366 days,1
Salvador,2019-01-02,6.67,1036,1,6.67,1.0,2019,1,2,366 days,1
Salvador,2019-01-02,169.09,1036,2,338.18,2.0,2019,1,2,366 days,1
Salvador,2019-01-02,3.85,1035,3,11.55,3.0,2019,1,2,366 days,1
Salvador,2019-01-02,178.11,1035,3,534.33,3.0,2019,1,2,366 days,1
Salvador,2019-01-02,139.73,1037,2,279.46,2.0,2019,1,2,366 days,1
Salvador,2019-01-02,78.78,1035,3,236.34,3.0,2019,1,2,366 days,1
Salvador,2019-01-02,173.59,1034,2,347.18,2.0,2019,1,2,366 days,1
Salvador,2019-01-02,166.51,1036,1,166.51,1.0,2019,1,2,366 days,1
Salvador,2019-01-02,3.97,1036,2,7.94,2.0,2019,1,2,366 days,1
Salvador,2019-01-02,156.47,1035,1,156.47,1.0,2019,1,2,366 days,1
Salvador,2019-01-02,44.89,1036,3,134.67000000000002,3.0000000000000004,2019,1,2,366 days,1
Salvador,2019-01-02,145.09,1036,2,290.18,2.0,2019,1,2,366 days,1
Salvador,2019-01-02,10.45,1036,2,20.9,2.0,2019,1,2,366 days,1
Salvador,2019-01-02,13.65,1037,3,40.95,3.0,2019,1,2,366 days,1
Salvador,2019-01-02,153.87,1036,3,461.61,3.0,2019,1,2,366 days,1
Salvador,2019-01-02,41.06,1035,1,41.06,1.0,2019,1,2,366 days,1
Salvador,2019-01-02,86.61,1036,1,86.61,1.0,2019,1,2,366 days,1
Salvador,2019-01-02,22.45,1036,1,22.45,1.0,2019,1,2,366 days,1
Salvador,2019-01-02,37.75,1035,2,75.5,2.0,2019,1,2,366 days,1
Salvador,2019-01-02,151.41,1037,2,302.82,2.0,2019,1,2,366 days,1
Salvador,2019-01-02,196.09,1037,1,196.09,1.0,2019,1,2,366 days,1
Salvador,2019-01-02,151.45,1036,2,302.9,2.0,2019,1,2,366 days,1
Salvador,2019-01-02,46.7,1036,2,93.4,2.0,2019,1,2,366 days,1
Salvador,2019-01-02,39.4,1036,3,118.19999999999999,3.0,2019,1,2,366 days,1
Salvador,2019-01-02,69.98,1034,2,139.96,2.0,2019,1,2,366 days,1
Salvador,2019-01-02,197.64,1035,1,197.64,1.0,2019,1,2,366 days,1
Salvador,2019-01-02,141.05,1035,3,423.15000000000003,3.0,2019,1,2,366 days,1
Salvador,2019-01-02,50.73,1037,3,152.19,3.0,2019,1,2,366 days,1
Salvador,2019-01-02,42.12,1035,1,42.12,1.0,2019,1,2,366 days,1
Salvador,2019-01-02,54.94,1036,2,109.88,2.0,2019,1,2,366 days,1
Salvador,2019-01-02,203.84,1036,1,203.84,1.0,2019,1,2,366 days,1
Salvador,2019-01-02,5.82,1035,1,5.82,1.0,2019,1,2,366 days,1
Salvador,2019-01-02,37.65,1036,2,75.3,2.0,2019,1,2,366 days,1
Salvador,2019-01-02,189.12,1036,3,567.36,3.0,2019,1,2,366 days,1
Salvador,2019-01-02,19.67,1037,2,39.34,2.0,2019,1,2,366 days,1
Salvador,2019-01-02,42.71,1035,1,42.71,1.0,2019,1,2,366 days,1
Salvador,2019-01-02,142.23,1035,2,284.46,2.0,2019,1,2,366 days,1
Salvador,2019-01-02,43.96,1037,1,43.96,1.0,2019,1,2,366 days,1
Salvador,2019-01-02,40.51,1037,2,81.02,2.0,2019,1,2,366 days,1
Salvador,2019-01-02,178.3,1035,3,534.9000000000001,3.0000000000000004,2019,1,2,366 days,1
Salvador,2019-01-02,36.23,1035,1,36.23,1.0,2019,1,2,366 days,1
Salvador,2019-01-02,38.32,1035,2,76.64,2.0,2019,1,2,366 days,1
Salvador,2019-01-02,14.7,1035,1,14.7,1.0,2019,1,2,366 days,1
Salvador,2019-01-02,6.87,1037,3,20.61,3.0,2019,1,2,366 days,1
Salvador,2019-01-02,43.08,1036,2,86.16,2.0,2019,1,2,366 days,1
Salvador,2019-01-03,184.69,1036,1,184.69,1.0,2019,1,3,367 days,1
Salvador,2019-01-03,89.85,1034,2,179.7,2.0,2019,1,3,367 days,1
Salvador,2019-01-03,167.76,1034,3,503.28,3.0,2019,1,3,367 days,1
Salvador,2019-01-03,172.4,1036,2,344.8,2.0,2019,1,3,367 days,1
Salvador,2019-01-03,48.39,1035,2,96.78,2.0,2019,1,3,367 days,1
Salvador,2019-01-03,41.84,1034,1,41.84,1.0,2019,1,3,367 days,1
Salvador,2019-01-03,126.29,1035,3,378.87,3.0,2019,1,3,367 days,1
Salvador,2019-01-03,38.06,1036,3,114.18,3.0,2019,1,3,367 days,1
Salvador,2019-01-03,139.64,1035,1,139.64,1.0,2019,1,3,367 days,1
Salvador,2019-01-03,161.41,1037,3,484.23,3.0,2019,1,3,367 days,1
